Company,Year,Culture War Event,Event Date,Industry,Ticker,Estimated Political Leaning,Political Leaning Justifications,NAICS Code,Control Firm,Control Ticker,Rationale
Nike,2018,Kaepernick campaign ('Believe in something') caused political backlash and brand support,9/3/18,Apparel/Sportswear,NKE,Liberal,"Liberal - Based on Morning Consult and Axios data; high Democrat favorability, backlash from conservatives over Kaepernick ad.",315210,Under Armour,UAA,"Same athletic apparel industry (NAICS 315990), similar customer base, no recent culture war backlash."
Bud Light,2023,Trans influencer Dylan Mulvaney partnership led to conservative boycott,4/1/23,Beverages/Alcohol,BUD,Conservative,Conservative - Traditional brand with Southern/rural appeal; backlash came from core conservative base over trans partnership.,312120,Molson Coors,TAP,"Same beer/brewing industry (NAICS 312120), publicly traded peer not involved in DEI controversy."
Target,2023,PRIDE collection backlash from conservative groups,5/22/23,Retail,TGT,Mixed,Mixed - Progressive policies (PRIDE collections) but mass-market retailer with bipartisan customer base; data mixed.,999999,Walmart,WMT,"Similar general merchandise retailer (NAICS 452311), remained largely apolitical during 2023."
Skittles,2023,'Black Trans Lives Matter' packaging criticized by conservatives,8/1/23,Food/Candy,MDLZ,Liberal,"Liberal - Owned by Mondelez, aligned with DEI messaging; packaging sparked conservative criticism.",999999,Hershey,HSY,"Same confectionery market (NAICS 311340), no comparable public controversy."
Calvin Klein,2024,Pulled back on PRIDE campaign after facing public criticism,6/1/24,Apparel,PVH,Liberal,"Liberal - Urban, fashion-forward brand with PRIDE campaigns; high liberal consumer affinity.",315210,Ralph Lauren,RL,"Apparel/lifestyle brand with similar market (NAICS 315220), low political exposure."
Starbucks,2018,'Race Together' anti-bias campaign faced ridicule,3/16/18,Food & Beverage,SBUX,Liberal,Liberal - High Democrat favorability (Morning Consult); history of progressive stances on race and labor.,999999,Dunkin',DNKN,"Coffee chain (NAICS 722515), owned by Inspire Brands, no comparable DEI backlash."
H&M,2018,'Coolest monkey' hoodie sparked racial outrage,1/8/18,Apparel,HNNMY,Liberal,Liberal - Fast fashion brand with urban/global appeal; PRIDE and social campaigns common.,315210,Gap Inc.,GPS,"Fast fashion peer (NAICS 448140), similar market exposure, less activist branding."
Gillette,2019,Toxic masculinity ad drew #MeToo-related backlash,1/13/19,Consumer Goods,PG,Liberal,Liberal - Toxic masculinity ad supported by liberal consumers; boycotted by conservative voices.,999999,Edgewell Personal Care,EPC,"Same shaving products segment (NAICS 325620), avoided political advertising."
Ben & Jerry’s,2021,Ended sales in Israeli-occupied territories; accused of antisemitism,7/19/21,Food/Ice Cream,UL,Liberal,"Liberal - Explicit progressive activism (Palestine, climate, equity); left-wing executive statements.",999999,Nestlé,NSRGY,"Ice cream competitor (NAICS 311520), broader portfolio, less visible activism."
Delta Air Lines,2018,Cut NRA discount; conservative backlash and state tax threat,2/25/18,Airlines,DAL,Conservative,Conservative - HQ in Georgia; backlash came from Republican lawmakers over NRA policy.,481111,United Airlines,UAL,"Same airline industry (NAICS 481111), similar customer profile, neutral on gun policy."
Papa John’s,2017,CEO criticized NFL protests; faced backlash and CEO resignation,11/1/17,Food/Restaurants,PZZA,Conservative,Conservative - CEO donated to conservative candidates; anti-NFL protest remarks.,999999,Domino’s,DPZ,"Same quick-service pizza industry (NAICS 722513), fewer CEO-related controversies."
Goya Foods,2020,CEO praised Trump; boycott from liberal consumers,7/9/20,Food,Private,Conservative,Conservative - CEO praised Trump at White House; favored by right-wing figures.,999999,Campbell Soup,CPB,"Same packaged food segment (NAICS 311999), widely consumed but not politically tied."
Chick-fil-A,2012,CEO comments and donations to anti-LGBTQ groups triggered boycotts,7/16/12,Food/Restaurants,Private,Conservative,Conservative - History of anti-LGBTQ donations; consistent with conservative audience support.,999999,McDonald’s,MCD,"Same fast food industry (NAICS 722513), broader appeal, less religious affiliation."
Heineken,2018,'Lighter is better' ad seen as racially insensitive,3/26/18,Beverages/Alcohol,HEINY,Liberal,Liberal - European/global branding; ad controversy hit liberal sensitivity but not conservative base.,312120,Boston Beer Co,SAM,"Alcoholic beverage peer (NAICS 312120), no major PRIDE or DEI controversies."
Audi,2017,Equal pay Super Bowl ad criticized as hypocritical,2/5/17,Automotive,VWAGY,Liberal,"Liberal - Gender equity ad supported by liberals, criticized by conservatives as hypocritical.",336111,BMW,BMWYY,"Luxury auto peer (NAICS 336111), less involved in social issue marketing."
Under Armour,2017,CEO praised Trump; consumer backlash followed,2/8/17,Apparel/Sportswear,UAA,Liberal,"Liberal - CEO statements on Trump drew backlash; younger, urban appeal.",315210,Columbia Sportswear,COLM,"Athletic apparel (NAICS 315990), conservative branding strategy, avoided culture war alignment."
Keurig,2018,Pulled ads from conservative show; faced destruction of products by viewers,11/12/18,Consumer Goods,GMCR,Liberal,Liberal - Pulled ads from Sean Hannity show; conservatives protested by destroying machines.,999999,PepsiCo,PEP,"Beverage peer (NAICS 312111), no single-issue ad controversy."
Lush Cosmetics,2020,Anti-fracking and animal testing activism polarized consumers,6/1/20,Beauty/Cosmetics,Private,Liberal,Liberal - Longstanding activist brand; supports social justice and environmental causes.,999999,e.l.f. Beauty,ELF,"Personal care and cosmetics (NAICS 325620), less overt political messaging."
Netflix,2020,'Cuties' film accused of promoting child exploitation,9/9/20,Media/Streaming,NFLX,Liberal,"Liberal - High liberal alignment; 'Cuties' sparked conservative outrage, defended by liberal press.",999999,Paramount,PARA,"Streaming/video content peer (NAICS 512120), similar product, less polarizing catalog."
Victoria’s Secret,2012,Cultural appropriation during fashion shows drew criticism,11/1/12,Apparel,VSCO,Conservative,Conservative - Traditional marketing appealed to conservative beauty norms; less progressive shift.,315210,Aerie (AEO),AEO,"Same intimate apparel market (NAICS 448190), targeted younger demos, less backlash."
Dolce & Gabbana,2018,Racist chopsticks ad targeting Chinese culture,11/21/18,Apparel/Luxury,Private,Conservative,Conservative - Criticized for cultural insensitivity; conservative leadership stance on same-sex families.,999999,Prada,PRDSY,"Luxury fashion peer (NAICS 315220), less public missteps in cultural discourse."
Brandy Melville,2020,Body-image and racism allegations in hiring practices,6/15/20,Retail/Apparel,Private,Conservative,Conservative - Criticized for exclusionary branding and race/gender issues; appealed to narrow audience.,999999,American Eagle,AEO,"Youth fashion peer (NAICS 448140), similar market without exclusionary controversy."
Glow & Lovely,2020,Colorism controversy over skin-whitening marketing in India,6/25/20,Beauty/Personal Care,UL,Liberal,Liberal - Rebranded from Fair & Lovely under pressure from anti-colorism activists; progressive shift.,999999,Olay (P&G),PG,"Same skincare market (NAICS 325620), culturally adaptive but less publicly controversial."
Mastercard,2022,Faced pressure to withdraw PRIDE sponsorships,6/1/22,Financial Services,MA,Mixed,Mixed - PRIDE sponsorships supported by liberals; conservative pushback in recent years.,999999,Visa,V,"Payments peer (NAICS 522320), similar footprint, more muted on PRIDE/identity politics."
PepsiCo,2022,Faced backlash over perceived PRIDE support in conservative circles,6/5/22,Beverages/Food,PEP,Mixed,Mixed - Broad consumer base; PRIDE support and Kendall Jenner ad flopped across ideologies.,999999,Coca-Cola,KO,"Same beverage space (NAICS 312111), Kendall Jenner ad backlash vs Coke’s consistent neutrality."
Abercrombie & Fitch,2002,Asian-caricature T-shirts pulled after protests,4/12/02,Apparel Retail,ANF,Mixed,Mixed - Company exhibits both liberal and conservative tendencies in branding or political activity.,448140,American Eagle Outfitters,AEO,Same apparel retail segment and similar market positioning.
Molson Coors,2004,Boycott over extending same-sex benefits in Colorado,10/11/04,Beverages/Alcohol,TAP,Conservative,Conservative - Based on company alignment with traditional/conservative donor patterns or anti-ESG stance.,312120,Diageo,DEO,Global beverage alcohol peer with similar product portfolio.
Ford Motor,2005,Conservative boycott over pro-LGBT magazine ads,6/10/05,Automotive,F,Conservative,Conservative - Based on company alignment with traditional/conservative donor patterns or anti-ESG stance.,336111,General Motors,GM,"Major U.S. automaker, similar size and industry."
Walmart,2006,Backlash over donations to gay-rights groups,11/20/06,General Merchandise Retail,WMT,Conservative,Conservative - Based on company alignment with traditional/conservative donor patterns or anti-ESG stance.,452311,Costco Wholesale,COST,"Big-box retail competitor, comparable revenue scale."
Home Depot,2007,Pride parade sponsorship sparks conservative boycott,9/14/07,Home Improvement Retail,HD,Conservative,Conservative - Based on company alignment with traditional/conservative donor patterns or anti-ESG stance.,444110,Lowe’s,LOW,Direct competitor in home‑improvement retail.
Coca-Cola,2008,Pulls support from Prop 8 opponents,11/14/08,Beverages/Soft Drinks,KO,Liberal,"Liberal - Based on public ESG positioning, DEI policies, and majority Democratic political donations.",312111,PepsiCo,PEP,Primary competitor in non‑alcoholic beverages.
Whole Foods Market,2009,Boycott after CEO's anti-Obamacare op-ed,8/12/09,Grocery Retail,WFM,Mixed,Mixed - Company exhibits both liberal and conservative tendencies in branding or political activity.,445110,Kroger,KR,Grocery retail peer with nationwide footprint.
Starbucks,2010,Arizona immigration law boycott calls,5/4/10,Restaurant/Coffeehouse,SBUX,Liberal,"Liberal - Based on public ESG positioning, DEI policies, and majority Democratic political donations.",722513,Dunkin Brands,DNKN,Coffeehouse chain targeting similar consumers.
Lowe's,2011,Pulls ads from 'All-American Muslim' reality show,12/11/11,Home Improvement Retail,LOW,Mixed,Mixed - Company exhibits both liberal and conservative tendencies in branding or political activity.,444110,Home Depot,HD,Direct competitor in home‑improvement retail.
Kroger,2011,Accused of 'war on Christmas' over generic decor,12/16/11,Grocery Retail,KR,Mixed,Mixed - Company exhibits both liberal and conservative tendencies in branding or political activity.,445110,Albertsons,ACI,Large U.S. grocery chain.
J.C. Penney,2012,Names Ellen DeGeneres spokeswoman leading to boycott,2/7/12,Department Store,JCP,Mixed,Mixed - Company exhibits both liberal and conservative tendencies in branding or political activity.,452210,Kohl’s,KSS,Mid‑market department‑store competitor.
Starbucks,2012,Shareholder clash over same-sex marriage stance,3/21/12,Restaurant/Coffeehouse,SBUX,Liberal,"Liberal - Based on public ESG positioning, DEI policies, and majority Democratic political donations.",722513,Dunkin Brands,DNKN,Coffeehouse chain targeting similar consumers.
Macy's,2013,Fires employee refusing transgender locker-room policy,1/4/13,Department Store,M,Mixed,Mixed - Company exhibits both liberal and conservative tendencies in branding or political activity.,452210,Nordstrom,JWN,Department‑store peer appealing to similar shoppers.
Barilla,2013,Chairman's anti-gay remarks ignite pasta boycott,9/26/13,Packaged Foods,BLU,Mixed,Mixed - Company exhibits both liberal and conservative tendencies in branding or political activity.,311421,General Mills,GIS,Packaged‑foods producer competing in pasta.
Gap,2013,'Merry Everything' campaign criticized,11/2/13,Apparel Retail,GPS,Mixed,Mixed - Company exhibits both liberal and conservative tendencies in branding or political activity.,448140,American Eagle Outfitters,AEO,Casual apparel peer.
Coca-Cola,2014,Multilingual Super Bowl ad backlash,2/2/14,Beverages/Soft Drinks,KO,Liberal,"Liberal - Based on public ESG positioning, DEI policies, and majority Democratic political donations.",312111,PepsiCo,PEP,Primary competitor in non‑alcoholic beverages.
Disney,2014,Threatens Georgia boycott over religious liberty bill,3/10/14,Media & Entertainment,DIS,Liberal,"Liberal - Based on public ESG positioning, DEI policies, and majority Democratic political donations.",512110,Comcast (NBCUniversal),CMCSA,Conglomerate with major media & theme‑park assets.
Altria Group,2014,'I Can’t Breathe' T-shirt controversy,12/3/14,Tobacco,MO,Conservative,Conservative - Based on company alignment with traditional/conservative donor patterns or anti-ESG stance.,312230,Philip Morris International,PM,Large cap tobacco peer.
Starbucks,2015,'Race Together' campaign backlash,3/16/15,Restaurant/Coffeehouse,SBUX,Liberal,"Liberal - Based on public ESG positioning, DEI policies, and majority Democratic political donations.",722513,Dunkin Brands,DNKN,Coffeehouse chain targeting similar consumers.
Salesforce,2015,Indiana RFRA pull-out threat,3/26/15,Cloud Software,CRM,Liberal,"Liberal - Based on public ESG positioning, DEI policies, and majority Democratic political donations.",541519,Adobe,ADBE,Large‑cap cloud‑software vendor serving enterprises.
Apple,2015,Tim Cook condemns RFRA sparking boycott,3/29/15,Consumer Electronics,AAPL,Liberal,"Liberal - Based on public ESG positioning, DEI policies, and majority Democratic political donations.",334220,Microsoft,MSFT,Mega‑cap consumer‑tech peer.
Nike,2015,Stops selling Confederate flag apparel,7/13/15,Apparel/Sportswear,NKE,Liberal,"Liberal - Based on public ESG positioning, DEI policies, and majority Democratic political donations.",315210,Under Armour,UAA,Athletic‑apparel peer.
PepsiCo,2015,#CrackerJack patriotism ad controversy,12/28/15,Beverages/Snacks,PEP,Liberal,"Liberal - Based on public ESG positioning, DEI policies, and majority Democratic political donations.",311919,Coca-Cola,KO,Direct beverage competitor.
Disney,2016,Georgia anti-LGBT bill threat again,3/23/16,Media & Entertainment,DIS,Liberal,"Liberal - Based on public ESG positioning, DEI policies, and majority Democratic political donations.",512110,Comcast (NBCUniversal),CMCSA,Conglomerate with major media & theme‑park assets.
PayPal,2016,Cancels Charlotte expansion over HB2,4/5/16,FinTech/Payments,PYPL,Liberal,"Liberal - Based on public ESG positioning, DEI policies, and majority Democratic political donations.",522320,Block,SQ,FinTech payments peer of similar scale.
Deutsche Bank,2016,Freezes NC hiring over HB2,4/12/16,Banking,DB,Mixed,Mixed - Company exhibits both liberal and conservative tendencies in branding or political activity.,522110,UBS Group,UBS,European diversified bank rival.
Target,2016,Transgender bathroom policy backlash,4/19/16,General Merchandise Retail,TGT,Conservative,Conservative - Based on company alignment with traditional/conservative donor patterns or anti-ESG stance.,452311,Walmart,WMT,National big‑box retail peer.
Wells Fargo,2016,Boycott over LGBT adoption ads,5/10/16,Banking,WFC,Mixed,Mixed - Company exhibits both liberal and conservative tendencies in branding or political activity.,522110,JPMorgan Chase,JPM,Large diversified U.S. bank.
Oracle,2016,Execs quit Trump council sparking boycott,6/17/16,Enterprise Software,ORCL,Liberal,"Liberal - Based on public ESG positioning, DEI policies, and majority Democratic political donations.",511210,SAP SE,SAP,Enterprise‑software competitor.
Starbucks,2016,#TrumpCup viral protest,12/12/16,Restaurant/Coffeehouse,SBUX,Liberal,"Liberal - Based on public ESG positioning, DEI policies, and majority Democratic political donations.",722513,Dunkin Brands,DNKN,Coffeehouse chain targeting similar consumers.
Delta Air Lines,2017,Immigration-ban waiver backlash,1/29/17,Airlines,DAL,Liberal,"Liberal - Based on public ESG positioning, DEI policies, and majority Democratic political donations.",481111,American Airlines,AAL,Legacy network airline peer.
Nordstrom,2017,Drops Ivanka Trump brand,2/2/17,Department Store,JWN,Mixed,Mixed - Company exhibits both liberal and conservative tendencies in branding or political activity.,452210,Macy’s,M,Department‑store peer.
PepsiCo,2017,Kendall Jenner protest ad backlash,3/29/17,Beverages/Snacks,PEP,Liberal,"Liberal - Based on public ESG positioning, DEI policies, and majority Democratic political donations.",311919,Coca-Cola,KO,Direct beverage competitor.
FedEx,2017,NRA shipping perk controversy,8/15/17,Courier/Logistics,FDX,Conservative,Conservative - Based on company alignment with traditional/conservative donor patterns or anti-ESG stance.,492110,UPS,UPS,Direct logistics competitor.
Keurig Dr Pepper,2017,Pulls ads from Hannity show,11/12/17,Beverages/Soft Drinks,KDP,Mixed,Mixed - Company exhibits both liberal and conservative tendencies in branding or political activity.,312111,Coca-Cola,KO,Soft‑drinks competitor.
Dick's Sporting Goods,2018,Bans assault-style rifles,2/28/18,Sporting Goods Retail,DKS,Conservative,Conservative - Based on company alignment with traditional/conservative donor patterns or anti-ESG stance.,451110,Hibbett Sports,HIBB,Sporting‑goods retailer.
Walmart,2018,Raises gun purchase age,2/28/18,General Merchandise Retail,WMT,Conservative,Conservative - Based on company alignment with traditional/conservative donor patterns or anti-ESG stance.,452311,Costco Wholesale,COST,"Big-box retail competitor, comparable revenue scale."
United Airlines,2018,Ends NRA discount,2/28/18,Unknown,UAL,Mixed,Mixed - Company exhibits both liberal and conservative tendencies in branding or political activity.,999999,,,
Avis Budget Group,2018,Ends NRA discount,2/28/18,Unknown,CAR,Mixed,Mixed - Company exhibits both liberal and conservative tendencies in branding or political activity.,999999,,,
Hertz,2018,Ends NRA discount,2/28/18,Unknown,HTZ,Mixed,Mixed - Company exhibits both liberal and conservative tendencies in branding or political activity.,999999,,,
MetLife,2018,Ends NRA program,2/28/18,Unknown,MET,Mixed,Mixed - Company exhibits both liberal and conservative tendencies in branding or political activity.,999999,,,
Delta Air Lines,2018,Loses tax break over NRA stance,3/1/18,Airlines,DAL,Liberal,"Liberal - Based on public ESG positioning, DEI policies, and majority Democratic political donations.",481111,American Airlines,AAL,Legacy network airline peer.
Papa John's,2018,Founder uses racial slur,7/11/18,Unknown,PZZA,Mixed,Mixed - Company exhibits both liberal and conservative tendencies in branding or political activity.,999999,,,
Procter & Gamble,2019,Gillette toxic masculinity ad,1/14/19,Unknown,PG,Mixed,Mixed - Company exhibits both liberal and conservative tendencies in branding or political activity.,999999,,,
Alphabet,2019,Employee walkout over military AI project,2/2/19,Internet/Technology,GOOGL,Liberal,"Liberal - Based on public ESG positioning, DEI policies, and majority Democratic political donations.",519130,Microsoft,MSFT,Large‑cap tech rival across ads and cloud.
Wayfair,2019,Walkout over ICE contracts,6/25/19,Unknown,W,Mixed,Mixed - Company exhibits both liberal and conservative tendencies in branding or political activity.,999999,,,
Nike,2019,Pulls Betsy Ross flag sneaker,7/3/19,Apparel/Sportswear,NKE,Liberal,"Liberal - Based on public ESG positioning, DEI policies, and majority Democratic political donations.",315210,Under Armour,UAA,Athletic‑apparel peer.
Disney,2019,ESPN tied to NBA Hong Kong controversy,10/8/19,Media & Entertainment,DIS,Liberal,"Liberal - Based on public ESG positioning, DEI policies, and majority Democratic political donations.",512110,Comcast (NBCUniversal),CMCSA,Conglomerate with major media & theme‑park assets.
Peloton,2019,Sexist 'Peloton Wife' ad,12/3/19,Unknown,PTON,Mixed,Mixed - Company exhibits both liberal and conservative tendencies in branding or political activity.,999999,,,
Twitter,2020,Flags Trump tweet leading to boycott,5/29/20,Unknown,TWTR,Mixed,Mixed - Company exhibits both liberal and conservative tendencies in branding or political activity.,999999,,,
Coca-Cola,2020,Backlash over BLM statements,6/17/20,Beverages/Soft Drinks,KO,Liberal,"Liberal - Based on public ESG positioning, DEI policies, and majority Democratic political donations.",312111,PepsiCo,PEP,Primary competitor in non‑alcoholic beverages.
Costco,2020,Mask mandate boycott calls,7/10/20,Wholesale Retail,COST,Mixed,Mixed - Company exhibits both liberal and conservative tendencies in branding or political activity.,423840,BJ’s Wholesale Club,BJ,Warehouse retail competitor.
Walgreens,2020,Abortion drug refusal controversy,10/20/20,Unknown,WBA,Mixed,Mixed - Company exhibits both liberal and conservative tendencies in branding or political activity.,999999,,,
Delta Air Lines,2021,Opposes Georgia voting law,3/31/21,Airlines,DAL,Liberal,"Liberal - Based on public ESG positioning, DEI policies, and majority Democratic political donations.",481111,American Airlines,AAL,Legacy network airline peer.
Coca-Cola,2021,Opposes Georgia voting law,3/31/21,Beverages/Soft Drinks,KO,Liberal,"Liberal - Based on public ESG positioning, DEI policies, and majority Democratic political donations.",312111,PepsiCo,PEP,Primary competitor in non‑alcoholic beverages.
Home Depot,2021,Refuses stance on voting law facing both-side boycott,4/14/21,Home Improvement Retail,HD,Conservative,Conservative - Based on company alignment with traditional/conservative donor patterns or anti-ESG stance.,444110,Lowe’s,LOW,Direct competitor in home‑improvement retail.
Amazon,2021,Pulls Pride items in UAE leading to backlash,6/1/21,E‑commerce/Cloud,AMZN,Liberal,"Liberal - Based on public ESG positioning, DEI policies, and majority Democratic political donations.",454110,eBay,EBAY,E‑commerce marketplace peer.
Netflix,2021,Chappelle special walkout,10/20/21,Streaming Media,NFLX,Liberal,"Liberal - Based on public ESG positioning, DEI policies, and majority Democratic political donations.",512120,Warner Bros. Discovery,WBD,Streaming and media competitor HBO Max/Discovery+
Spotify,2022,Joe Rogan misinformation controversy,1/30/22,Streaming Media,SPOT,Liberal,"Liberal - Based on public ESG positioning, DEI policies, and majority Democratic political donations.",512120,Sirius XM,SIRI,Audio‑streaming/content peer.
Disney,2022,'Don't Say Gay' internal revolt,3/11/22,Media & Entertainment,DIS,Liberal,"Liberal - Based on public ESG positioning, DEI policies, and majority Democratic political donations.",512110,Comcast (NBCUniversal),CMCSA,Conglomerate with major media & theme‑park assets.
Charter Communications,2022,Fox News ad controversy,4/13/22,Telecommunications,CHTR,Mixed,Mixed - Company exhibits both liberal and conservative tendencies in branding or political activity.,517311,Altice USA,ATUS,Cable/broadband peer.
Tesla,2022,Musk endorses GOP midterms leading to boycott,10/18/22,Automotive/EV,TSLA,Liberal,"Liberal - Based on public ESG positioning, DEI policies, and majority Democratic political donations.",999999,General Motors,GM,Automaker pushing EV segment.
Lululemon,2022,Fires employees confronting shoplifters,12/17/22,Apparel/Athleisure,LULU,Liberal,"Liberal - Based on public ESG positioning, DEI policies, and majority Democratic political donations.",999999,Gap Inc.,GPS,Casual apparel/Athleisure competitor.
Target,2023,Pride kidswear backlash,5/24/23,General Merchandise Retail,TGT,Conservative,Conservative - Based on company alignment with traditional/conservative donor patterns or anti-ESG stance.,452311,Walmart,WMT,National big‑box retail peer.
VF Corp,2023,North Face Pride ad,5/30/23,Apparel,VFC,Mixed,Mixed - Company exhibits both liberal and conservative tendencies in branding or political activity.,315210,PVH Corp.,PVH,Diversified apparel peer.
Kohl's,2023,Pride baby clothes backlash,5/31/23,Department Store,KSS,Mixed,Mixed - Company exhibits both liberal and conservative tendencies in branding or political activity.,452210,J.C. Penney,JCP,Mid‑market department‑store competitor.
Adidas,2023,Pride swimwear controversy,6/8/23,Apparel/Sportswear,ADDYY,Mixed,Mixed - Company exhibits both liberal and conservative tendencies in branding or political activity.,315210,Puma SE,PUMSY,Global athletic‑apparel peer.
Bath & Body Works,2023,Pride candles backlash,6/15/23,Personal Care Retail,BBWI,Mixed,Mixed - Company exhibits both liberal and conservative tendencies in branding or political activity.,999999,Ulta Beauty,ULTA,Beauty & personal‑care retailer.
American Express,2023,'Woke scorecard' GOP hearings,11/27/23,Financial Services,AXP,Liberal,"Liberal - Based on public ESG positioning, DEI policies, and majority Democratic political donations.",999999,Discover Financial,DFS,Large credit‑card issuer peer.
Walgreens,2024,Abortion pill distribution fight,2/14/24,Unknown,WBA,Mixed,Mixed - Company exhibits both liberal and conservative tendencies in branding or political activity.,999999,,,
Lululemon,2024,Pro-Palestine window display controversy,5/10/24,Apparel/Athleisure,LULU,Liberal,"Liberal - Based on public ESG positioning, DEI policies, and majority Democratic political donations.",999999,Gap Inc.,GPS,Casual apparel/Athleisure competitor.
Walmart,2024,Removes LGBTQ books boycott,6/17/24,General Merchandise Retail,WMT,Conservative,Conservative - Based on company alignment with traditional/conservative donor patterns or anti-ESG stance.,452311,Costco Wholesale,COST,"Big-box retail competitor, comparable revenue scale."
IBM,2025,Scales back DEI goals,4/11/25,Information Technology,IBM,Liberal,"Liberal - Based on public ESG positioning, DEI policies, and majority Democratic political donations.",999999,Hewlett Packard Enterprise,HPE,Enterprise IT infrastructure peer.
Meta Platforms,2025,Freezes DEI hiring,4/11/25,Social Media,META,Liberal,"Liberal - Based on public ESG positioning, DEI policies, and majority Democratic political donations.",519130,Snap Inc.,SNAP,U.S. social‑media peer.
Walmart,2025,Limits Pride displays,4/11/25,General Merchandise Retail,WMT,Conservative,Conservative - Based on company alignment with traditional/conservative donor patterns or anti-ESG stance.,452311,Costco Wholesale,COST,"Big-box retail competitor, comparable revenue scale."
Lowe's,2025,Dissolves DEI office,4/11/25,Home Improvement Retail,LOW,Mixed,Mixed - Company exhibits both liberal and conservative tendencies in branding or political activity.,444110,Home Depot,HD,Direct competitor in home‑improvement retail.
Amazon,2025,Cuts LGBTQ ERG funding,4/11/25,E‑commerce/Cloud,AMZN,Liberal,"Liberal - Based on public ESG positioning, DEI policies, and majority Democratic political donations.",454110,eBay,EBAY,E‑commerce marketplace peer.
McDonald's,2025,Pauses 'Voices' DEI campaign,4/11/25,Restaurants/Fast Food,MCD,Mixed,Mixed - Company exhibits both liberal and conservative tendencies in branding or political activity.,999999,Yum! Brands,YUM,Global quick‑service restaurant peer.
Boeing,2025,Freezes race-equity scholarships,4/11/25,Aerospace & Defense,BA,Conservative,Conservative - Based on company alignment with traditional/conservative donor patterns or anti-ESG stance.,336411,Lockheed Martin,LMT,Large aerospace & defense contractor.
PepsiCo,2025,Drops Pride sponsorships,4/11/25,Beverages/Snacks,PEP,Liberal,"Liberal - Based on public ESG positioning, DEI policies, and majority Democratic political donations.",311919,Coca-Cola,KO,Direct beverage competitor.
Thermo Fisher Scientific,2025,Cancels DEI supplier day,4/11/25,Life Sciences Tools,TMO,Liberal,"Liberal - Based on public ESG positioning, DEI policies, and majority Democratic political donations.",325412,Danaher,DHR,Life‑sciences tools & diagnostics peer.
Citigroup,2025,Shelves 'True Self' ad series,4/11/25,Banking,C,Conservative,Conservative - Based on company alignment with traditional/conservative donor patterns or anti-ESG stance.,522110,,,
Apple,2019,"Removes Hong Kong protest app, free-speech backlash",10/9/19,Consumer Electronics,AAPL,Liberal,"Liberal - Based on public ESG positioning, DEI policies, and majority Democratic political donations.",334220,Microsoft,MSFT,Mega‑cap consumer‑tech peer.
Tractor Supply,2023,Pride merchandise display leads to boycott calls,6/21/23,Farm/Ranch Retail,TSCO,Conservative,Conservative - Based on company alignment with traditional/conservative donor patterns or anti-ESG stance.,444240,Tractor Supply,TSCO,Will use Lowes? Actually competitor Rural King (private) so leave blank
Kohl's,2021,Stops selling MyPillow products; conservative boycott,4/19/21,Department Store,KSS,Mixed,Mixed - Company exhibits both liberal and conservative tendencies in branding or political activity.,452210,J.C. Penney,JCP,Mid‑market department‑store competitor.
Bed Bath & Beyond,2021,Drops MyPillow products; conservative boycott,1/19/21,Unknown,BBBY,Mixed,Mixed - Company exhibits both liberal and conservative tendencies in branding or political activity.,999999,,,
Gap Inc.,2020,Unity red-blue hoodie after US election draws backlash,11/3/20,Apparel Retail,GPS,Mixed,Mixed - Company exhibits both liberal and conservative tendencies in branding or political activity.,448140,American Eagle Outfitters,AEO,Casual apparel peer.
Goodyear Tire,2020,Trump calls for boycott over banned MAGA hats policy,8/19/20,Tire Manufacturing,GT,Conservative,Conservative - Based on company alignment with traditional/conservative donor patterns or anti-ESG stance.,326211,Cooper Tire & Rubber,CTB,Tire manufacturing peer.
AT&T,2021,OAN funding controversy sparks boycott calls,10/20/21,Telecommunications,T,Conservative,Conservative - Based on company alignment with traditional/conservative donor patterns or anti-ESG stance.,517311,Verizon,VZ,National telecom peer.
Disney,2020,Mulan filming in Xinjiang; human‑rights boycott,9/4/20,Media & Entertainment,DIS,Liberal,"Liberal - Based on public ESG positioning, DEI policies, and majority Democratic political donations.",512110,Comcast (NBCUniversal),CMCSA,Conglomerate with major media & theme‑park assets.
Coca-Cola,2019,"Hungary gay couple ad, conservative backlash",7/12/19,Beverages/Soft Drinks,KO,Liberal,"Liberal - Based on public ESG positioning, DEI policies, and majority Democratic political donations.",312111,PepsiCo,PEP,Primary competitor in non‑alcoholic beverages.
Twilio,2020,Donates to BLM; conservative boycott calls,6/5/20,Unknown,TWLO,Mixed,Mixed - Company exhibits both liberal and conservative tendencies in branding or political activity.,999999,,,
Chevron,2023,Pauses diversity training; progressive backlash,5/26/23,Oil & Gas,CVX,Conservative,Conservative - Based on company alignment with traditional/conservative donor patterns or anti-ESG stance.,211120,Exxon Mobil,XOM,Integrated oil & gas peer.
Dell Technologies,2017,CEO opposes bathroom bill; conservative backlash,4/4/17,Unknown,DELL,Mixed,Mixed - Company exhibits both liberal and conservative tendencies in branding or political activity.,999999,,,
Microsoft,2016,Opposes HB2; boycott push,3/24/16,Software,MSFT,Liberal,"Liberal - Based on public ESG positioning, DEI policies, and majority Democratic political donations.",511210,Apple,AAPL,Mega‑cap tech peer.
Netflix,2020,'Cuties' film controversy triggers cancel campaign,9/11/20,Streaming Media,NFLX,Liberal,"Liberal - Based on public ESG positioning, DEI policies, and majority Democratic political donations.",512120,Warner Bros. Discovery,WBD,Streaming and media competitor HBO Max/Discovery+
eBay,2019,Bans Confederate flag items; backlash,9/16/19,Unknown,EBAY,Mixed,Mixed - Company exhibits both liberal and conservative tendencies in branding or political activity.,999999,,,
Uber,2017,#DeleteUber after travel ban strikebreak,1/29/17,Unknown,UBER,Mixed,Mixed - Company exhibits both liberal and conservative tendencies in branding or political activity.,999999,,,
Lyft,2021,Legal fund for drivers sued under Texas abortion law sparks conservative backlash,9/3/21,Unknown,LYFT,Mixed,Mixed - Company exhibits both liberal and conservative tendencies in branding or political activity.,999999,,,
Apple,2017,Donates to anti‑hate groups post‑Charlottesville; alt‑right boycott,8/15/17,Consumer Electronics,AAPL,Liberal,"Liberal - Based on public ESG positioning, DEI policies, and majority Democratic political donations.",334220,Microsoft,MSFT,Mega‑cap consumer‑tech peer.
Netflix,2019,Threatens to pull productions over Georgia abortion law,5/30/19,Streaming Media,NFLX,Liberal,"Liberal - Based on public ESG positioning, DEI policies, and majority Democratic political donations.",512120,Warner Bros. Discovery,WBD,Streaming and media competitor HBO Max/Discovery+
United Parcel Service,2012,Stops donations to Boy Scouts over gay ban; conservative backlash,11/15/12,Courier/Logistics,UPS,Mixed,Mixed - Company exhibits both liberal and conservative tendencies in branding or political activity.,492110,FedEx,FDX,Direct logistics competitor.
Exxon Mobil,2022,Bans LGBT flag at HQ; progressive backlash,4/22/22,Oil & Gas,XOM,Conservative,Conservative - Based on company alignment with traditional/conservative donor patterns or anti-ESG stance.,211120,Chevron,CVX,Integrated oil & gas peer.
Levi Strauss & Co.,2022,Exec supports abortion rights; conservative boycott,5/9/22,Apparel,LEVI,Liberal,"Liberal - Based on public ESG positioning, DEI policies, and majority Democratic political donations.",315210,VF Corp.,VFC,Apparel maker with denim brands.
Target,2022,Adds gender-inclusive 'Lil Miss' line; backlash,2/1/22,General Merchandise Retail,TGT,Conservative,Conservative - Based on company alignment with traditional/conservative donor patterns or anti-ESG stance.,452311,Walmart,WMT,National big‑box retail peer.
Cracker Barrel,2013,Pulls Duck Dynasty products after anti‑gay remarks; conservative backlash,12/22/13,Unknown,CBRL,Mixed,Mixed - Company exhibits both liberal and conservative tendencies in branding or political activity.,999999,,,
Mondelez,2014,Honey Maid inclusive family ad sparks conservative ire,3/13/14,Unknown,MDLZ,Mixed,Mixed - Company exhibits both liberal and conservative tendencies in branding or political activity.,999999,,,
General Mills,2013,Interracial Cheerios ad draws racist backlash,5/29/13,Unknown,GIS,Mixed,Mixed - Company exhibits both liberal and conservative tendencies in branding or political activity.,999999,,,
Campbell Soup,2015,Ad featuring gay dads triggers boycott calls,10/5/15,Unknown,CPB,Mixed,Mixed - Company exhibits both liberal and conservative tendencies in branding or political activity.,999999,,,
PepsiCo,2012,Doritos gay marriage Super Bowl ad controversy,2/2/12,Beverages/Snacks,PEP,Liberal,"Liberal - Based on public ESG positioning, DEI policies, and majority Democratic political donations.",311919,Coca-Cola,KO,Direct beverage competitor.
Boeing,2020,Pulls ads from Tucker Carlson after racist segment; conservative backlash,6/15/20,Aerospace & Defense,BA,Conservative,Conservative - Based on company alignment with traditional/conservative donor patterns or anti-ESG stance.,336411,Lockheed Martin,LMT,Large aerospace & defense contractor.
CVS Health,2023,Plans to sell abortion pill mifepristone; conservative boycott,1/4/23,Pharmacy Retail,CVS,Mixed,Mixed - Company exhibits both liberal and conservative tendencies in branding or political activity.,446110,Walgreens Boots Alliance,WBA,Pharmacy retail peer.
Google,2022,Commits to abortion travel benefits after Roe reversal; backlash,6/24/22,Internet/Technology,GOOGL,Liberal,"Liberal - Based on public ESG positioning, DEI policies, and majority Democratic political donations.",519130,Microsoft,MSFT,Large‑cap tech rival across ads and cloud.
Microsoft,2022,Abortion travel reimbursement policy; conservative backlash,6/24/22,Software,MSFT,Liberal,"Liberal - Based on public ESG positioning, DEI policies, and majority Democratic political donations.",511210,Apple,AAPL,Mega‑cap tech peer.
JPMorgan Chase,2022,Covers abortion‑travel costs; pro‑life boycott push,6/24/22,Banking,JPM,Mixed,Mixed - Company exhibits both liberal and conservative tendencies in branding or political activity.,522110,Bank of America,BAC,Large diversified U.S. bank peer.
Disney,2022,Offers abortion travel expenses; conservative outrage,6/24/22,Media & Entertainment,DIS,Liberal,"Liberal - Based on public ESG positioning, DEI policies, and majority Democratic political donations.",512110,Comcast (NBCUniversal),CMCSA,Conglomerate with major media & theme‑park assets.
Nike,2022,Expands abortion healthcare travel; boycott threats,6/24/22,Apparel/Sportswear,NKE,Liberal,"Liberal - Based on public ESG positioning, DEI policies, and majority Democratic political donations.",315210,Under Armour,UAA,Athletic‑apparel peer.
Citigroup,2022,Pays for abortion travel; GOP lawmakers threaten retaliation,3/15/22,Banking,C,Conservative,Conservative - Based on company alignment with traditional/conservative donor patterns or anti-ESG stance.,522110,,,
Levi Strauss & Co.,2022,Denounces Roe reversal; conservative boycott renews,6/24/22,Apparel,LEVI,Liberal,"Liberal - Based on public ESG positioning, DEI policies, and majority Democratic political donations.",315210,VF Corp.,VFC,Apparel maker with denim brands.
Starbucks,2022,Covers abortion travel; conservative backlash,6/15/22,Restaurant/Coffeehouse,SBUX,Liberal,"Liberal - Based on public ESG positioning, DEI policies, and majority Democratic political donations.",722513,Dunkin Brands,DNKN,Coffeehouse chain targeting similar consumers.
Apple,2022,Commits to abortion travel benefits; boycott calls,6/24/22,Consumer Electronics,AAPL,Liberal,"Liberal - Based on public ESG positioning, DEI policies, and majority Democratic political donations.",334220,Microsoft,MSFT,Mega‑cap consumer‑tech peer.
Meta Platforms,2022,Covers abortion travel; Republican criticism,6/24/22,Social Media,META,Liberal,"Liberal - Based on public ESG positioning, DEI policies, and majority Democratic political donations.",519130,Snap Inc.,SNAP,U.S. social‑media peer.
Amazon,2022,Announces abortion travel benefit; conservative backlash,5/2/22,E‑commerce/Cloud,AMZN,Liberal,"Liberal - Based on public ESG positioning, DEI policies, and majority Democratic political donations.",454110,eBay,EBAY,E‑commerce marketplace peer.
Warner Bros. Discovery,2022,Covers abortion travel; boycott calls,6/24/22,Unknown,WBD,Mixed,Mixed - Company exhibits both liberal and conservative tendencies in branding or political activity.,999999,,,
Yum! Brands,2022,Offers abortion travel coverage; pro‑life backlash,6/26/22,Unknown,YUM,Mixed,Mixed - Company exhibits both liberal and conservative tendencies in branding or political activity.,999999,,,
Sony Group,2022,PlayStation covers abortion travel; conservative boycott calls,6/28/22,Electronics/Entertainment,SONY,Mixed,Mixed - Company exhibits both liberal and conservative tendencies in branding or political activity.,999999,Microsoft,MSFT,Competitor in gaming & entertainment hardware/software.
Target,2022,Expands abortion travel benefits; renewed boycott,6/24/22,General Merchandise Retail,TGT,Conservative,Conservative - Based on company alignment with traditional/conservative donor patterns or anti-ESG stance.,452311,Walmart,WMT,National big‑box retail peer.
Uber,2022,Covers legal fees for drivers sued under abortion law; backlash,5/15/22,Unknown,UBER,Mixed,Mixed - Company exhibits both liberal and conservative tendencies in branding or political activity.,999999,,,
Lyft,2022,Covers legal fees for drivers sued under abortion law; backlash,5/15/22,Unknown,LYFT,Mixed,Mixed - Company exhibits both liberal and conservative tendencies in branding or political activity.,999999,,,
DoorDash,2022,Announces abortion travel expense coverage; conservative backlash,6/24/22,Delivery Services,DASH,Liberal,"Liberal - Based on public ESG positioning, DEI policies, and majority Democratic political donations.",492210,Uber Technologies,UBER,Delivery competitor.
HP Inc.,2022,Covers abortion travel costs; conservative backlash,6/27/22,Computer Hardware,HPQ,Mixed,Mixed - Company exhibits both liberal and conservative tendencies in branding or political activity.,999999,Dell Technologies,DELL,PC hardware peer.
Netflix,2022,Adds abortion travel benefits; boycott calls,6/24/22,Streaming Media,NFLX,Liberal,"Liberal - Based on public ESG positioning, DEI policies, and majority Democratic political donations.",512120,Warner Bros. Discovery,WBD,Streaming and media competitor HBO Max/Discovery+
Tesla,2022,Pays for employee abortion travel; conservative backlash,5/4/22,Automotive/EV,TSLA,Liberal,"Liberal - Based on public ESG positioning, DEI policies, and majority Democratic political donations.",999999,General Motors,GM,Automaker pushing EV segment.
Bank of America,2022,Expands abortion travel benefits; conservative backlash,7/19/22,Banking,BAC,Conservative,Conservative - Based on company alignment with traditional/conservative donor patterns or anti-ESG stance.,522110,JPMorgan Chase,JPM,Large U.S. banking peer.
American Airlines,2023,Covers abortion travel; state lawmakers threaten action,6/26/23,Airlines,AAL,Mixed,Mixed - Company exhibits both liberal and conservative tendencies in branding or political activity.,481111,United Airlines,UAL,Legacy airline peer.