election_year,election_date,state,district,race_type,candidate_dem,candidate_rep,dem_votes,rep_votes,dem_pct,rep_pct,winner_party,margin_pct,incumbent_party,incumbent_running,cook_rating,open_seat,total_votes,previous_margin
2010,2010-11-02,AZ,1,House,Ann Kirkpatrick,Paul Gosar,100246,112816,46.1,51.9,R,-5.8,D,Yes,Toss Up,No,217379,11.2
2010,2010-11-02,AZ,5,House,Harry Mitchell,David Schweikert,95814,118024,43.8,53.9,R,-10.1,D,Yes,Lean D,No,218889,9.5
2010,2010-11-02,AZ,8,House,Gabrielle Giffords,Jesse Kelly,138280,131544,48.8,46.4,D,2.4,D,Yes,Toss Up,No,283340,12.1
2010,2010-11-02,CA,11,House,Jerry McNerney,David Harmer,102804,95132,48.0,44.4,D,3.6,D,Yes,Toss Up,No,214287,11.3
2010,2010-11-02,CA,20,House,Jim Costa,Andy Vidak,51024,47688,49.6,46.3,D,3.3,D,Yes,Toss Up,No,102893,6.0
2010,2010-11-02,CO,3,House,John Salazar,Scott Tipton,108197,138336,42.0,53.6,R,-11.6,D,Yes,Toss Up,No,257802,23.8
2010,2010-11-02,CO,4,House,Betsy Markey,Cory Gardner,109237,151118,41.3,57.2,R,-15.9,D,Yes,Lean D,No,264301,12.3
2010,2010-11-02,FL,2,House,Allen Boyd,Steve Southerland,98698,129440,41.8,54.8,R,-13.0,D,Yes,Lean D,No,236138,24.7
2010,2010-11-02,FL,8,House,Alan Grayson,Daniel Webster,95403,138735,38.5,55.9,R,-17.4,D,Yes,Lean D,No,247879,4.2
2010,2010-11-02,FL,22,House,Ron Klein,Allen West,130890,140104,46.6,49.9,R,-3.3,D,Yes,Toss Up,No,281018,10.8
2010,2010-11-02,FL,24,House,Suzanne Kosmas,Sandy Adams,108481,154779,39.5,56.4,R,-16.9,D,Yes,Lean D,No,274476,14.3
2010,2010-11-02,IL,8,House,Melissa Bean,Joe Walsh,96656,100578,48.6,50.6,R,-2.0,D,Yes,Toss Up,No,198818,19.1
2010,2010-11-02,IL,10,House,Dan Seals,Robert Dold,109000,110243,46.9,47.4,R,-0.5,R,No,Toss Up,Yes,232478,5.4
2010,2010-11-02,IL,11,House,Debbie Halvorson,Adam Kinzinger,86803,104632,42.3,51.0,R,-8.7,D,Yes,Toss Up,No,205264,17.4
2010,2010-11-02,IL,14,House,Bill Foster,Randy Hultgren,97557,118851,44.6,54.4,R,-9.8,D,Yes,Lean D,No,218585,8.4
2010,2010-11-02,IN,2,House,Joe Donnelly,Jackie Walorski,95825,86389,48.1,43.4,D,4.7,D,Yes,Toss Up,No,199285,23.0
2010,2010-11-02,IN,8,House,Trent Van Haaften,Larry Bucshon,82920,105696,42.6,54.3,R,-11.7,D,No,Lean D,Yes,194591,21.5
2010,2010-11-02,IN,9,House,Baron Hill,Todd Young,93644,108367,42.5,49.2,R,-6.7,D,Yes,Toss Up,No,220214,19.3
2010,2010-11-02,MI,1,House,Gary McDowell,Dan Benishek,109019,131687,44.4,53.6,R,-9.2,D,No,Toss Up,Yes,245451,29.6
2010,2010-11-02,MI,7,House,Mark Schauer,Tim Walberg,110846,129122,44.5,51.8,R,-7.3,D,Yes,Toss Up,No,249261,2.3
2010,2010-11-02,MN,8,House,Jim Oberstar,Chip Cravaack,128975,133556,47.6,49.3,R,-1.7,D,Yes,Safe D,No,270837,35.7
2010,2010-11-02,NH,1,House,Carol Shea-Porter,Frank Guinta,106559,122396,44.4,51.0,R,-6.6,D,Yes,Lean D,No,240013,11.8
2010,2010-11-02,NH,2,House,Ann Kuster,Charlie Bass,101827,115596,43.7,49.6,R,-5.9,R,No,Lean D,Yes,232875,11.0
2010,2010-11-02,NV,3,House,Dina Titus,Joe Heck,76779,98798,42.2,54.3,R,-12.1,D,Yes,Lean D,No,181855,8.3
2010,2010-11-02,NY,19,House,John Hall,Nan Hayworth,95927,117614,44.0,54.0,R,-10.0,D,Yes,Lean D,No,218023,12.1
2010,2010-11-02,NY,20,House,Scott Murphy,Chris Gibson,104654,119758,45.4,51.9,R,-6.5,D,Yes,Toss Up,No,230767,6.0
2010,2010-11-02,NY,23,House,Bill Owens,Matt Doheny,93692,95025,48.5,49.2,R,-0.7,D,Yes,Toss Up,No,193105,5.5
2010,2010-11-02,NY,24,House,Michael Arcuri,Richard Hanna,97525,110102,44.2,49.9,R,-5.7,D,Yes,Toss Up,No,220624,6.1
2010,2010-11-02,NY,25,House,Dan Maffei,Ann Marie Buerkle,111349,113781,48.8,49.9,R,-1.1,D,Yes,Toss Up,No,228059,12.9
2010,2010-11-02,OH,1,House,Steve Driehaus,Steve Chabot,105673,126233,43.9,52.4,R,-8.5,D,Yes,Lean D,No,240813,2.3
2010,2010-11-02,OH,6,House,Charlie Wilson,Bill Johnson,105281,103893,50.0,49.3,D,0.7,D,Yes,Toss Up,No,210617,30.1
2010,2010-11-02,OH,15,House,Mary Jo Kilroy,Steve Stivers,101851,122541,43.5,52.3,R,-8.8,D,Yes,Lean D,No,234149,2.0
2010,2010-11-02,OH,16,House,John Boccieri,Jim Renacci,101298,122047,43.8,52.8,R,-9.0,D,Yes,Lean D,No,231431,10.5
2010,2010-11-02,OH,18,House,Zack Space,Bob Gibbs,105682,128652,43.3,52.7,R,-9.4,D,Yes,Lean D,No,243989,29.1
2010,2010-11-02,PA,3,House,Kathy Dahlkemper,Mike Kelly,97655,109470,44.6,50.0,R,-5.4,D,Yes,Lean D,No,219088,2.2
2010,2010-11-02,PA,7,House,Bryan Lentz,Pat Meehan,117866,131509,44.6,49.8,R,-5.2,R,No,Toss Up,Yes,264155,19.4
2010,2010-11-02,PA,8,House,Patrick Murphy,Mike Fitzpatrick,132479,141513,48.0,51.3,R,-3.3,D,Yes,Toss Up,No,275977,12.2
2010,2010-11-02,PA,10,House,Chris Carney,Tom Marino,87753,109440,44.0,54.9,R,-10.9,D,Yes,Lean D,No,199320,20.5
2010,2010-11-02,PA,11,House,Paul Kanjorski,Lou Barletta,90639,106559,45.2,53.1,R,-7.9,D,Yes,Toss Up,No,200644,21.7
2010,2010-11-02,VA,2,House,Glenn Nye,Scott Rigell,97976,107931,43.3,47.7,R,-4.4,D,Yes,Toss Up,No,226167,4.2
2010,2010-11-02,VA,5,House,Tom Perriello,Robert Hurt,119058,129431,47.0,51.1,R,-4.1,D,Yes,Toss Up,No,253295,2.3
2010,2010-11-02,WA,3,House,Denny Heck,Jaime Herrera Beutler,126604,148018,44.2,51.7,R,-7.5,D,No,Toss Up,Yes,286253,11.5
2010,2010-11-02,WI,7,House,Julie Lassa,Sean Duffy,122135,132549,46.4,50.4,R,-4.0,D,No,Toss Up,Yes,262996,27.0
2010,2010-11-02,WI,8,House,Steve Kagen,Reid Ribble,118399,137043,43.5,50.4,R,-6.9,D,Yes,Lean D,No,272174,8.2
2012,2012-11-06,AZ,1,House,Ann Kirkpatrick,Jonathan Paton,136820,117282,48.8,41.8,D,7.0,R,No,Toss Up,Yes,280413,-5.8
2012,2012-11-06,AZ,2,House,Ron Barber,Martha McSally,147340,141083,50.3,48.2,D,2.1,D,Yes,Toss Up,No,293019,5.1
2012,2012-11-06,AZ,9,House,Kyrsten Sinema,Vernon Parker,129531,122501,48.8,46.1,D,2.7,D,No,Toss Up,Yes,265621,0.0
2012,2012-11-06,CA,7,House,Ami Bera,Dan Lungren,155024,152003,50.2,49.2,D,1.0,R,Yes,Lean R,No,308932,-5.2
2012,2012-11-06,CA,10,House,Jose Hernandez,Jeff Denham,111046,115033,48.4,50.1,R,-1.7,R,Yes,Lean R,No,229592,-10.7
2012,2012-11-06,CA,24,House,Lois Capps,Abel Maldonado,154785,132108,53.4,45.6,D,7.8,D,Yes,Lean D,No,289896,18.3
2012,2012-11-06,CA,26,House,Julia Brownley,Tony Strickland,134869,119424,52.9,46.9,D,6.0,D,No,Toss Up,Yes,254874,0.0
2012,2012-11-06,CA,36,House,Raul Ruiz,Mary Bono Mack,120153,111820,51.5,47.9,D,3.6,R,Yes,Toss Up,No,233341,-3.9
2012,2012-11-06,CA,52,House,Scott Peters,Brian Bilbray,132538,124531,51.2,48.1,D,3.1,R,Yes,Lean R,No,259092,-6.7
2012,2012-11-06,CO,6,House,Joe Miklosi,Mike Coffman,144316,165041,45.7,52.3,R,-6.6,R,Yes,Lean R,No,315768,-18.7
2012,2012-11-06,CT,5,House,Elizabeth Esty,Andrew Roraback,153343,143235,51.2,47.8,D,3.4,D,No,Toss Up,Yes,299626,15.9
2012,2012-11-06,FL,18,House,Patrick Murphy,Allen West,166257,164808,50.4,50.0,D,0.4,R,Yes,Toss Up,No,329918,-8.6
2012,2012-11-06,FL,26,House,Joe Garcia,David Rivera,114539,104673,54.7,50.0,D,4.7,R,Yes,Lean D,No,209417,-3.5
2012,2012-11-06,GA,12,House,John Barrow,Lee Anderson,149766,131618,53.6,47.1,D,6.5,D,Yes,Toss Up,No,279289,25.2
2012,2012-11-06,IL,10,House,Brad Schneider,Robert Dold,143674,137648,50.6,48.5,D,2.1,R,Yes,Toss Up,No,284088,-0.5
2012,2012-11-06,IL,11,House,Bill Foster,Judy Biggert,159148,139048,58.4,51.1,D,7.3,R,Yes,Lean R,No,272231,-22.2
2012,2012-11-06,IL,12,House,Bill Enyart,Jason Plummer,161012,133903,50.4,41.9,D,8.5,D,No,Lean D,Yes,319417,8.0
2012,2012-11-06,IL,13,House,David Gill,Rodney Davis,133276,136032,48.6,49.6,R,-1.0,R,No,Toss Up,Yes,274322,23.5
2012,2012-11-06,IN,2,House,Brendan Mullen,Jackie Walorski,113368,141906,44.1,55.2,R,-11.1,D,Yes,Lean D,No,256901,4.7
2012,2012-11-06,KY,6,House,Ben Chandler,Andy Barr,154028,163601,48.4,51.4,R,-3.0,D,Yes,Lean D,No,318306,0.6
2012,2012-11-06,MN,8,House,Rick Nolan,Chip Cravaack,176789,168501,48.4,46.1,D,2.3,R,Yes,Toss Up,No,365324,-1.7
2012,2012-11-06,NC,7,House,Mike McIntyre,David Rouzer,176040,173657,50.5,49.8,D,0.7,D,Yes,Toss Up,No,348350,27.4
2012,2012-11-06,NH,1,House,Carol Shea-Porter,Frank Guinta,168816,159432,49.8,47.0,D,2.8,R,Yes,Toss Up,No,339221,-6.6
2012,2012-11-06,NH,2,House,Ann Kuster,Charlie Bass,170193,152951,50.2,45.1,D,5.1,R,Yes,Lean R,No,339096,-5.9
2012,2012-11-06,NY,1,House,Tim Bishop,Randy Altschuler,137170,126779,51.9,48.0,D,3.9,D,Yes,Toss Up,No,264236,0.6
2012,2012-11-06,NY,18,House,Sean Maloney,Nan Hayworth,156039,147251,51.6,48.7,D,2.9,R,Yes,Toss Up,No,302517,-10.0
2012,2012-11-06,NY,21,House,Bill Owens,Matt Doheny,127760,115965,52.4,47.5,D,4.9,D,Yes,Lean D,No,243850,-0.7
2012,2012-11-06,NY,24,House,Dan Maffei,Ann Marie Buerkle,139041,136063,48.2,47.2,D,1.0,R,Yes,Toss Up,No,288328,-1.1
2012,2012-11-06,NY,25,House,Louise Slaughter,Maggie Brooks,189115,131917,56.7,39.6,D,17.1,D,Yes,Safe D,No,333685,28.0
2012,2012-11-06,OH,6,House,Charlie Wilson,Bill Johnson,140318,170902,44.7,54.5,R,-9.8,R,Yes,Lean R,No,313633,0.7
2012,2012-11-06,OH,16,House,Betty Sutton,Jim Renacci,169519,182324,46.4,49.9,R,-3.5,R,Yes,Lean R,No,365387,-9.0
2012,2012-11-06,TX,23,House,Pete Gallego,Francisco Canseco,101619,89159,50.3,44.2,D,6.1,R,Yes,Toss Up,No,201915,-3.2
2012,2012-11-06,UT,4,House,Jim Matheson,Mia Love,119803,115849,48.8,47.2,D,1.6,D,Yes,Toss Up,No,245381,27.9
2014,2014-11-04,AZ,1,House,Ann Kirkpatrick,Andy Tobin,106631,92219,53.0,45.8,D,7.2,D,Yes,Toss Up,No,201219,7.0
2014,2014-11-04,AZ,2,House,Ron Barber,Martha McSally,109714,110395,49.7,50.0,R,-0.3,D,Yes,Toss Up,No,220935,2.1
2014,2014-11-04,CA,7,House,Ami Bera,Doug Ose,89185,88460,49.8,49.4,D,0.4,D,Yes,Lean D,No,179184,1.0
2014,2014-11-04,CA,21,House,Amanda Renteria,David Valadao,39266,54118,41.0,56.5,R,-15.5,R,Yes,Safe R,No,95778,-14.9
2014,2014-11-04,CA,31,House,Pete Aguilar,Paul Chabot,50917,47063,51.4,47.5,D,3.9,D,No,Lean D,Yes,98996,5.6
2014,2014-11-04,CA,52,House,Scott Peters,Carl DeMaio,95589,92640,51.6,50.0,D,1.6,D,Yes,Lean D,No,185164,3.1
2014,2014-11-04,CO,6,House,Andrew Romanoff,Mike Coffman,110282,129533,44.8,52.6,R,-7.8,R,Yes,Toss Up,No,246282,-6.6
2014,2014-11-04,FL,2,House,Gwen Graham,Steve Southerland,129433,122481,50.2,47.5,D,2.7,R,Yes,Toss Up,No,257858,-13.0
2014,2014-11-04,FL,13,House,Charlie Crist,David Jolly,132023,142369,46.6,50.2,R,-3.6,R,Yes,Toss Up,No,283331,-2.9
2014,2014-11-04,FL,18,House,Patrick Murphy,Carl Domino,149987,115755,59.8,46.2,D,13.6,D,Yes,Safe D,No,250642,0.4
2014,2014-11-04,FL,26,House,Joe Garcia,Carlos Curbelo,79178,93376,48.6,57.3,R,-8.7,D,Yes,Lean D,No,162994,4.7
2014,2014-11-04,GA,12,House,John Barrow,Rick Allen,109961,115030,47.7,49.9,R,-2.2,D,Yes,Toss Up,No,230567,6.5
2014,2014-11-04,IA,1,House,Pat Murphy,Rod Blum,100779,108728,48.7,52.6,R,-3.9,D,No,Lean D,Yes,206806,7.0
2014,2014-11-04,IA,2,House,Dave Loebsack,Mariannette Miller-Meeks,114476,106223,52.0,48.3,D,3.7,D,Yes,Lean D,No,220015,11.0
2014,2014-11-04,IA,3,House,Staci Appel,David Young,98697,124087,45.2,56.9,R,-11.7,D,No,Toss Up,Yes,218217,4.9
2014,2014-11-04,IL,10,House,Brad Schneider,Robert Dold,102389,102894,49.4,49.6,R,-0.2,D,Yes,Toss Up,No,207419,2.1
2014,2014-11-04,IL,12,House,Bill Enyart,Mike Bost,103269,112552,47.0,51.2,R,-4.2,D,Yes,Lean D,No,219614,8.5
2014,2014-11-04,ME,2,House,Emily Cain,Bruce Poliquin,118568,133320,41.2,46.3,R,-5.1,D,No,Lean D,Yes,288024,14.7
2014,2014-11-04,MN,7,House,Collin Peterson,Torrey Westrom,100226,93714,52.0,48.7,D,3.3,D,Yes,Lean D,No,192544,20.9
2014,2014-11-04,MN,8,House,Rick Nolan,Stewart Mills,131503,126802,48.9,47.1,D,1.8,D,Yes,Lean D,No,268881,2.3
2014,2014-11-04,NC,7,House,Jonathan Barfield,David Rouzer,96671,120099,44.2,55.0,R,-10.8,D,No,Lean R,Yes,218488,0.7
2014,2014-11-04,NH,1,House,Carol Shea-Porter,Frank Guinta,108318,114949,46.7,49.6,R,-2.9,D,Yes,Toss Up,No,231702,2.8
2014,2014-11-04,NH,2,House,Ann Kuster,Marilinda Garcia,116589,99231,54.6,46.5,D,8.1,D,Yes,Lean D,No,213580,5.1
2014,2014-11-04,NY,1,House,Tim Bishop,Lee Zeldin,83249,100547,46.9,56.6,R,-9.7,D,Yes,Lean D,No,177505,3.9
2014,2014-11-04,NY,18,House,Sean Maloney,Nan Hayworth,111543,101685,55.6,50.7,D,4.9,D,Yes,Toss Up,No,200589,2.9
2014,2014-11-04,NY,21,House,Aaron Woolf,Elise Stefanik,91429,109155,45.0,53.8,R,-8.8,D,No,Lean D,Yes,202892,4.9
2014,2014-11-04,NY,24,House,Dan Maffei,John Katko,104082,121553,42.2,49.3,R,-7.1,D,Yes,Lean D,No,246457,1.0
2014,2014-11-04,WV,3,House,Nick Rahall,Evan Jenkins,76792,94509,45.4,55.8,R,-10.4,D,Yes,Lean R,No,169399,10.2
2016,2016-11-08,AZ,1,House,Tom O'Halleran,Paul Babeu,157342,146920,50.7,47.3,D,3.4,R,No,Lean R,Yes,310452,7.2
2016,2016-11-08,AZ,2,House,Matt Heinz,Martha McSally,134820,167614,43.0,57.0,R,-14.0,R,Yes,Toss Up,No,313577,-0.3
2016,2016-11-08,CA,7,House,Ami Bera,Scott Jones,145232,146423,51.2,51.6,D,-0.4,D,Yes,Toss Up,No,283774,0.4
2016,2016-11-08,CA,10,House,Michael Eggman,Jeff Denham,99635,117109,45.8,53.8,R,-8.0,R,Yes,Lean R,No,217664,-1.7
2016,2016-11-08,CA,21,House,Emilio Huerta,David Valadao,54858,68202,44.0,54.7,R,-10.7,R,Yes,Safe R,No,124651,-15.5
2016,2016-11-08,CA,24,House,Salud Carbajal,Justin Fareed,162024,143698,53.4,47.4,D,6.0,D,No,Lean D,Yes,303310,7.8
2016,2016-11-08,CA,25,House,Bryan Caforio,Steve Knight,115379,135684,44.9,52.9,R,-8.0,R,Yes,Lean R,No,256831,-6.2
2016,2016-11-08,CA,49,House,Doug Applegate,Darrell Issa,137467,138844,49.9,50.4,R,-0.5,R,Yes,Safe R,No,275559,-16.5
2016,2016-11-08,CO,6,House,Morgan Carroll,Mike Coffman,159817,179463,46.2,51.8,R,-5.6,R,Yes,Lean R,No,346288,-7.8
2016,2016-11-08,FL,7,House,Stephanie Murphy,John Mica,175636,168400,51.5,49.4,D,2.1,R,Yes,Lean R,No,340892,-24.9
2016,2016-11-08,FL,13,House,Charlie Crist,David Jolly,178882,143312,51.9,41.5,D,10.4,R,Yes,Toss Up,No,344803,-3.6
2016,2016-11-08,FL,18,House,Randy Perkins,Brian Mast,172066,193291,46.9,52.7,R,-5.8,R,No,Lean R,Yes,366655,13.6
2016,2016-11-08,FL,26,House,Annette Taddeo,Carlos Curbelo,138015,160636,46.5,54.1,R,-7.6,R,Yes,Lean R,No,296821,-8.7
2016,2016-11-08,GA,6,House,Rodney Stooksbury,Tom Price,124893,201088,38.3,61.7,R,-23.4,R,Yes,Safe R,No,326022,-32.0
2016,2016-11-08,IA,1,House,Monica Vernon,Rod Blum,171652,191298,45.7,50.9,R,-5.2,R,Yes,Toss Up,No,376100,-3.9
2016,2016-11-08,IA,3,House,Jim Mowrer,David Young,167316,193334,45.6,52.6,R,-7.0,R,Yes,Lean R,No,367323,-11.7
2016,2016-11-08,IL,10,House,Brad Schneider,Robert Dold,175135,153633,52.4,46.0,D,6.4,R,Yes,Toss Up,No,334228,-0.2
2016,2016-11-08,MN,2,House,Angie Craig,Jason Lewis,177666,183108,45.2,46.6,R,-1.4,R,No,Lean R,Yes,393127,20.1
2016,2016-11-08,MN,3,House,Terri Bonoff,Erik Paulsen,155986,216497,41.6,57.7,R,-16.1,R,Yes,Lean R,No,375008,-14.9
2016,2016-11-08,MN,8,House,Rick Nolan,Stewart Mills,180571,178810,50.2,49.7,D,0.5,D,Yes,Toss Up,No,359851,1.8
2016,2016-11-08,NE,2,House,Brad Ashford,Don Bacon,140965,148384,47.0,49.5,R,-2.5,D,Yes,Lean D,No,300183,3.3
2016,2016-11-08,NH,1,House,Carol Shea-Porter,Frank Guinta,168019,168628,44.2,44.4,R,-0.2,R,Yes,Toss Up,No,380015,-2.9
2016,2016-11-08,NH,2,House,Ann Kuster,Jim Lawrence,178638,139755,49.8,39.0,D,10.8,D,Yes,Safe D,No,358475,8.1
2016,2016-11-08,NJ,5,House,Josh Gottheimer,Scott Garrett,168933,159700,50.8,48.0,D,2.8,R,Yes,Lean R,No,332502,-15.9
2016,2016-11-08,NV,3,House,Jacky Rosen,Danny Tarkanian,129892,124914,47.2,45.4,D,1.8,R,No,Toss Up,Yes,275303,-2.5
2016,2016-11-08,NV,4,House,Ruben Kihuen,Cresent Hardy,101917,95734,48.5,45.6,D,2.9,R,Yes,Toss Up,No,209876,-3.6
2016,2016-11-08,NY,1,House,Anna Throne-Holst,Lee Zeldin,128119,170192,40.1,53.3,R,-13.2,R,Yes,Lean R,No,319323,-9.7
2016,2016-11-08,NY,3,House,Thomas Suozzi,Jack Martins,170177,147821,52.7,45.8,D,6.9,R,No,Lean R,Yes,323133,-2.9
2016,2016-11-08,NY,19,House,Zephyr Teachout,John Faso,143892,154674,45.6,49.0,R,-3.4,R,No,Toss Up,Yes,315519,-10.0
2016,2016-11-08,NY,22,House,Kim Myers,Claudia Tenney,127608,137526,47.1,50.8,R,-3.7,R,No,Toss Up,Yes,270892,-6.7
2016,2016-11-08,NY,24,House,Colleen Deacon,John Katko,126107,170296,42.3,57.1,R,-14.8,R,Yes,Lean R,No,298212,-7.1
2016,2016-11-08,PA,8,House,Steve Santarsiero,Brian Fitzpatrick,186430,210295,47.0,53.0,R,-6.0,R,No,Lean R,Yes,396803,-3.3
2016,2016-11-08,TX,23,House,Pete Gallego,Will Hurd,102486,108376,46.7,49.4,R,-2.7,R,Yes,Toss Up,No,219428,6.1
2016,2016-11-08,VA,10,House,LuAnn Bennett,Barbara Comstock,174115,197847,47.1,53.5,R,-6.4,R,Yes,Lean R,No,369536,-16.6
2018,2018-11-06,AZ,2,House,Ann Kirkpatrick,Lea Marquez Peterson,140760,126476,54.6,49.0,D,5.6,R,No,Toss Up,Yes,257880,-14.0
2018,2018-11-06,CA,10,House,Josh Harder,Jeff Denham,116155,101726,52.5,46.0,D,6.5,R,Yes,Toss Up,No,221130,-8.0
2018,2018-11-06,CA,21,House,TJ Cox,David Valadao,55509,56670,50.4,51.5,D,-1.1,R,Yes,Lean R,No,110091,-10.7
2018,2018-11-06,CA,25,House,Katie Hill,Steve Knight,130268,113952,54.4,47.5,D,6.9,R,Yes,Toss Up,No,239794,-8.0
2018,2018-11-06,CA,39,House,Gil Cisneros,Young Kim,103127,99376,51.6,49.7,D,1.9,R,No,Lean R,Yes,199891,-14.3
2018,2018-11-06,CA,45,House,Katie Porter,Mimi Walters,160565,147632,52.1,47.9,D,4.2,R,Yes,Lean R,No,308344,-17.3
2018,2018-11-06,CA,48,House,Harley Rouda,Dana Rohrabacher,158655,148891,53.6,50.3,D,3.3,R,Yes,Lean R,No,296078,-16.7
2018,2018-11-06,CA,49,House,Mike Levin,Diane Harkey,166509,130631,56.0,43.9,D,12.1,R,No,Lean D,Yes,297381,-0.5
2018,2018-11-06,CO,6,House,Jason Crow,Mike Coffman,196091,159972,54.4,44.3,D,10.1,R,Yes,Toss Up,No,360892,-5.6
2018,2018-11-06,FL,26,House,Debbie Mucarsel-Powell,Carlos Curbelo,128433,126510,50.9,50.1,D,0.8,R,Yes,Toss Up,No,252503,-7.6
2018,2018-11-06,FL,27,House,Donna Shalala,Maria Salazar,133477,124007,51.8,48.1,D,3.7,R,No,Lean D,Yes,257682,-19.8
2018,2018-11-06,GA,6,House,Lucy McBath,Karen Handel,159261,155473,50.5,49.2,D,1.3,R,Yes,Toss Up,No,315303,-3.6
2018,2018-11-06,IA,1,House,Abby Finkenauer,Rod Blum,168028,142054,51.0,43.1,D,7.9,R,Yes,Toss Up,No,329452,-5.2
2018,2018-11-06,IA,3,House,Cindy Axne,David Young,168059,162117,49.3,47.6,D,1.7,R,Yes,Toss Up,No,340844,-7.0
2018,2018-11-06,IL,6,House,Sean Casten,Peter Roskam,154588,137882,53.4,47.6,D,5.8,R,Yes,Lean R,No,289581,-18.4
2018,2018-11-06,IL,14,House,Lauren Underwood,Randy Hultgren,147326,135689,52.5,48.4,D,4.1,R,Yes,Lean R,No,280482,-17.7
2018,2018-11-06,KS,3,House,Sharice Davids,Kevin Yoder,174310,144925,53.7,44.6,D,9.1,R,Yes,Lean R,No,324706,-10.8
2018,2018-11-06,ME,2,House,Jared Golden,Bruce Poliquin,139231,138931,50.5,50.4,D,0.1,R,Yes,Toss Up,No,275727,-5.1
2018,2018-11-06,MI,8,House,Elissa Slotkin,Mike Bishop,176140,168079,50.6,48.3,D,2.3,R,Yes,Lean R,No,347953,-16.9
2018,2018-11-06,MI,11,House,Haley Stevens,Lena Epstein,169512,139296,51.8,42.5,D,9.3,R,No,Lean R,Yes,327314,-14.6
2018,2018-11-06,MN,1,House,Dan Feehan,Jim Hagedorn,143903,145839,49.7,50.4,R,-0.7,R,No,Toss Up,Yes,289467,0.2
2018,2018-11-06,MN,2,House,Angie Craig,Jason Lewis,180003,158917,52.7,46.5,D,6.2,R,Yes,Toss Up,No,341867,-1.4
2018,2018-11-06,MN,3,House,Dean Phillips,Erik Paulsen,193102,153913,55.6,44.3,D,11.3,R,Yes,Lean R,No,347386,-16.1
2018,2018-11-06,NJ,2,House,Jeff Van Drew,Seth Grossman,137702,104959,52.9,40.3,D,12.6,R,No,Lean D,Yes,260331,-4.6
2018,2018-11-06,NJ,3,House,Andy Kim,Tom MacArthur,156836,152479,50.0,48.6,D,1.4,R,Yes,Toss Up,No,314088,-20.2
2018,2018-11-06,NJ,7,House,Tom Malinowski,Leonard Lance,151858,140538,51.6,47.7,D,3.9,R,Yes,Toss Up,No,294354,-11.0
2018,2018-11-06,NJ,11,House,Mikie Sherrill,Jay Webber,177037,134061,56.8,43.1,D,13.7,R,No,Lean D,Yes,311098,-19.2
2018,2018-11-06,NM,2,House,Xochitl Torres Small,Yvette Herrell,94419,93569,50.9,50.5,D,0.4,R,No,Toss Up,Yes,185410,-14.3
2018,2018-11-06,NV,3,House,Susie Lee,Danny Tarkanian,133753,127626,52.0,49.6,D,2.4,R,No,Toss Up,Yes,257328,1.8
2018,2018-11-06,NV,4,House,Steven Horsford,Cresent Hardy,104389,92052,52.7,46.5,D,6.2,R,No,Toss Up,Yes,198086,2.9
2018,2018-11-06,NY,11,House,Max Rose,Dan Donovan,73612,61946,52.8,44.4,D,8.4,R,Yes,Lean R,No,139441,-9.8
2018,2018-11-06,NY,19,House,Antonio Delgado,John Faso,149636,133088,51.3,45.6,D,5.7,R,Yes,Toss Up,No,291680,-3.4
2018,2018-11-06,NY,22,House,Anthony Brindisi,Claudia Tenney,132380,123374,50.9,47.5,D,3.4,R,Yes,Toss Up,No,259759,-3.7
2018,2018-11-06,OK,5,House,Kendra Horn,Steve Russell,135368,133752,50.7,50.1,D,0.6,R,Yes,Lean R,No,267047,-13.4
2018,2018-11-06,PA,1,House,Brian Fitzpatrick,Scott Wallace,172695,157994,51.3,47.0,R,4.3,R,Yes,Toss Up,No,336313,-6.0
2018,2018-11-06,PA,5,House,Mary Gay Scanlon,Pearl Kim,168949,96932,64.5,37.0,D,27.5,D,No,Safe D,Yes,261912,6.5
2018,2018-11-06,PA,6,House,Chrissy Houlahan,Greg McCauley,160614,102497,58.6,37.4,D,21.2,R,No,Lean D,Yes,274128,-1.9
2018,2018-11-06,PA,7,House,Susan Wild,Marty Nothstein,141831,128665,53.5,48.5,D,5.0,R,No,Lean D,Yes,265135,-0.2
2018,2018-11-06,PA,17,House,Conor Lamb,Keith Rothfus,182497,131695,56.2,40.6,D,15.6,R,Yes,Lean D,No,324540,0.3
2018,2018-11-06,SC,1,House,Joe Cunningham,Katie Arrington,131545,121454,50.6,46.7,D,3.9,R,No,Toss Up,Yes,260066,-13.1
2018,2018-11-06,TX,7,House,Lizzie Fletcher,John Culberson,127959,116165,52.5,47.6,D,4.9,R,Yes,Lean R,No,243748,-12.2
2018,2018-11-06,TX,23,House,Gina Ortiz Jones,Will Hurd,106889,108077,49.2,49.8,R,-0.6,R,Yes,Toss Up,No,217076,-2.7
2018,2018-11-06,TX,32,House,Colin Allred,Pete Sessions,139188,118622,52.3,44.6,D,7.7,R,Yes,Lean R,No,266139,-21.6
2018,2018-11-06,UT,4,House,Ben McAdams,Mia Love,145166,144455,50.1,49.9,D,0.2,R,Yes,Toss Up,No,289553,-6.7
2018,2018-11-06,VA,2,House,Elaine Luria,Scott Taylor,139036,127825,51.1,47.0,D,4.1,R,Yes,Toss Up,No,272262,-22.8
2018,2018-11-06,VA,7,House,Abigail Spanberger,Dave Brat,175996,166931,50.3,47.7,D,2.6,R,Yes,Toss Up,No,349805,-15.3
2018,2018-11-06,VA,10,House,Jennifer Wexton,Barbara Comstock,196555,153453,56.1,43.8,D,12.3,R,Yes,Lean D,No,350407,-6.4
2020,2020-11-03,AZ,6,House,Hiral Tipirneni,David Schweikert,227261,239583,48.5,51.1,R,-2.6,R,Yes,Lean R,No,468830,-10.4
2020,2020-11-03,CA,21,House,TJ Cox,David Valadao,71612,78114,47.5,51.8,R,-4.3,D,Yes,Toss Up,No,150756,-1.1
2020,2020-11-03,CA,25,House,Christy Smith,Mike Garcia,153768,165481,47.7,51.3,R,-3.6,R,Yes,Toss Up,No,322567,6.9
2020,2020-11-03,CA,39,House,Gil Cisneros,Young Kim,156498,163477,49.0,51.2,R,-2.2,D,Yes,Toss Up,No,319237,1.9
2020,2020-11-03,CA,48,House,Harley Rouda,Michelle Steel,181654,186855,48.8,50.2,R,-1.4,D,Yes,Toss Up,No,372343,3.3
2020,2020-11-03,FL,26,House,Debbie Mucarsel-Powell,Carlos Gimenez,170327,178119,48.5,50.7,R,-2.2,D,Yes,Toss Up,No,351370,0.8
2020,2020-11-03,FL,27,House,Donna Shalala,Maria Salazar,163197,177671,47.8,52.0,R,-4.2,D,Yes,Lean D,No,341638,3.7
2020,2020-11-03,GA,7,House,Carolyn Bourdeaux,Rich McCormick,199083,190523,51.1,48.9,D,2.2,R,No,Toss Up,Yes,389762,-9.3
2020,2020-11-03,IA,1,House,Abby Finkenauer,Ashley Hinson,199208,209791,49.0,51.6,R,-2.6,D,Yes,Toss Up,No,406689,7.9
2020,2020-11-03,IA,2,House,Rita Hart,Mariannette Miller-Meeks,196934,196964,49.9,49.9,R,0.0,D,No,Toss Up,Yes,394624,3.7
2020,2020-11-03,IA,3,House,Cindy Axne,David Young,213627,201738,49.0,46.3,D,2.7,D,Yes,Lean D,No,436012,1.7
2020,2020-11-03,ME,2,House,Jared Golden,Dale Crafts,196643,144926,53.1,39.1,D,14.0,D,Yes,Safe D,No,370361,0.1
2020,2020-11-03,MI,3,House,Hillary Scholten,Peter Meijer,166499,185299,47.4,52.7,R,-5.3,R,No,Toss Up,Yes,351535,-7.4
2020,2020-11-03,MI,8,House,Elissa Slotkin,Paul Junge,217556,203349,50.9,47.6,D,3.3,D,Yes,Lean D,No,427497,2.3
2020,2020-11-03,MN,1,House,Dan Feehan,Jim Hagedorn,170815,192934,45.7,51.6,R,-5.9,R,Yes,Lean R,No,374164,-0.7
2020,2020-11-03,MN,7,House,Nels Pierson,Michelle Fischbach,141247,193276,41.2,56.4,R,-15.2,D,Yes,Lean R,No,343001,3.3
2020,2020-11-03,NJ,3,House,Andy Kim,David Richter,195009,181157,52.5,48.7,D,3.8,D,Yes,Lean D,No,371987,1.4
2020,2020-11-03,NJ,7,House,Tom Malinowski,Thomas Kean Jr,209879,200447,52.0,49.7,D,2.3,D,Yes,Lean D,No,403421,3.9
2020,2020-11-03,NM,2,House,Xochitl Torres Small,Yvette Herrell,151283,162373,47.5,51.0,R,-3.5,D,Yes,Toss Up,No,318501,0.4
2020,2020-11-03,NY,2,House,Jackie Gordon,Andrew Garbarino,159277,172044,47.1,50.9,R,-3.8,R,No,Lean R,Yes,338161,-14.7
2020,2020-11-03,NY,11,House,Max Rose,Nicole Malliotakis,114426,134629,44.5,52.4,R,-7.9,D,Yes,Toss Up,No,256917,8.4
2020,2020-11-03,NY,18,House,Sean Maloney,Chele Farley,200892,171508,54.3,46.3,D,8.0,D,Yes,Safe D,No,370243,2.9
2020,2020-11-03,NY,19,House,Antonio Delgado,Kyle Van De Water,198831,166315,54.5,45.6,D,8.9,D,Yes,Lean D,No,364946,5.7
2020,2020-11-03,NY,22,House,Anthony Brindisi,Claudia Tenney,155015,155789,49.3,49.6,R,-0.3,D,Yes,Toss Up,No,314162,3.4
2020,2020-11-03,OK,5,House,Kendra Horn,Stephanie Bice,138797,163366,46.2,54.4,R,-8.2,D,Yes,Toss Up,No,300346,0.6
2020,2020-11-03,PA,8,House,Matt Cartwright,Jim Bognet,176028,171931,51.7,50.5,D,1.2,D,Yes,Toss Up,No,340461,9.3
2020,2020-11-03,SC,1,House,Joe Cunningham,Nancy Mace,217952,230083,48.4,51.1,R,-2.7,D,Yes,Toss Up,No,450428,3.9
2020,2020-11-03,TX,22,House,Sri Preston Kulkarni,Troy Nehls,180001,192645,48.7,52.0,R,-3.3,R,No,Lean R,Yes,370136,-9.2
2020,2020-11-03,TX,23,House,Gina Ortiz Jones,Tony Gonzales,136696,149324,48.2,52.6,R,-4.4,R,No,Toss Up,Yes,283737,-0.6
2020,2020-11-03,TX,24,House,Candace Valenzuela,Beth Van Duyne,168529,173500,48.0,49.4,R,-1.4,R,No,Toss Up,Yes,351074,-6.9
2020,2020-11-03,UT,4,House,Ben McAdams,Burgess Owens,193008,193317,47.0,47.1,R,-0.1,D,Yes,Toss Up,No,410676,0.2
2020,2020-11-03,VA,7,House,Abigail Spanberger,Nick Freitas,229779,218618,50.8,48.3,D,2.5,D,Yes,Lean D,No,452698,2.6
2022,2022-11-08,AZ,1,House,Jevin Hodge,David Schweikert,163823,177591,47.0,51.0,R,-4.0,R,Yes,Lean R,No,348260,-2.6
2022,2022-11-08,AZ,2,House,Tom O'Halleran,Eli Crane,147632,169531,46.1,52.9,R,-6.8,D,Yes,Lean D,No,320185,3.4
2022,2022-11-08,AZ,6,House,Kirsten Engel,Juan Ciscomani,141008,147880,48.4,50.8,R,-2.4,R,No,Toss Up,Yes,291095,5.6
2022,2022-11-08,CA,13,House,Adam Gray,John Duarte,66820,69220,49.4,51.2,R,-1.8,R,No,Toss Up,Yes,135179,0.0
2022,2022-11-08,CA,22,House,Rudy Salas,David Valadao,67055,75219,47.0,52.7,R,-5.7,R,Yes,Lean R,No,142754,-4.3
2022,2022-11-08,CA,27,House,Christy Smith,Mike Garcia,112891,131817,45.7,53.4,R,-7.7,R,Yes,Lean R,No,246865,-3.6
2022,2022-11-08,CA,45,House,Jay Chen,Michelle Steel,107761,124398,46.1,53.2,R,-7.1,R,Yes,Lean R,No,233639,-1.4
2022,2022-11-08,CA,47,House,Katie Porter,Scott Baugh,171287,163227,51.2,48.8,D,2.4,D,Yes,Lean D,No,334514,4.2
2022,2022-11-08,CO,3,House,Adam Frisch,Lauren Boebert,163292,163808,50.0,50.2,R,-0.2,R,Yes,Lean R,No,326496,-6.4
2022,2022-11-08,CO,8,House,Yadira Caraveo,Barbara Kirkmeyer,109476,105992,48.4,46.9,D,1.5,D,No,Toss Up,Yes,226112,0.0
2022,2022-11-08,CT,5,House,Jahana Hayes,George Logan,148809,146529,50.4,49.6,D,0.8,D,Yes,Lean D,No,295311,2.3
2022,2022-11-08,IA,3,House,Cindy Axne,Zach Nunn,157308,166814,48.5,51.4,R,-2.9,D,Yes,Toss Up,No,324581,2.7
2022,2022-11-08,ME,2,House,Jared Golden,Bruce Poliquin,158161,140972,53.0,47.2,D,5.8,D,Yes,Lean D,No,298663,14.0
2022,2022-11-08,MI,3,House,Hillary Scholten,John Gibbs,166063,133169,55.4,44.4,D,11.0,R,No,Toss Up,Yes,299803,-5.3
2022,2022-11-08,MI,7,House,Elissa Slotkin,Tom Barrett,175109,169011,51.3,49.4,D,1.9,D,Yes,Toss Up,No,341748,3.3
2022,2022-11-08,MI,10,House,Carl Marlinga,John James,161085,178012,47.5,52.5,R,-5.0,R,No,Lean R,Yes,339097,0.0
2022,2022-11-08,NC,1,House,Don Davis,Sandy Smith,141655,135174,51.2,48.9,D,2.3,D,No,Toss Up,Yes,276592,0.0
2022,2022-11-08,NC,13,House,Wiley Nickel,Bo Hines,174687,167755,51.3,49.2,D,2.1,D,No,Toss Up,Yes,340829,0.0
2022,2022-11-08,NJ,7,House,Tom Malinowski,Thomas Kean Jr,153614,166298,48.0,52.0,R,-4.0,D,Yes,Toss Up,No,319912,2.3
2022,2022-11-08,NM,2,House,Gabe Vasquez,Yvette Herrell,94116,91595,50.3,49.0,D,1.3,R,Yes,Toss Up,No,187084,-3.5
2022,2022-11-08,NV,1,House,Dina Titus,Mark Robertson,106085,99498,52.0,48.8,D,3.2,D,Yes,Lean D,No,203780,6.5
2022,2022-11-08,NV,3,House,Susie Lee,April Becker,106685,99892,51.5,48.2,D,3.3,D,Yes,Lean D,No,207301,2.4
2022,2022-11-08,NV,4,House,Steven Horsford,Sam Peters,97958,91232,51.4,47.9,D,3.5,D,Yes,Lean D,No,190517,6.2
2022,2022-11-08,NY,3,House,Robert Zimmerman,George Santos,116512,142206,46.4,53.8,R,-7.4,D,No,Lean R,Yes,251063,6.9
2022,2022-11-08,NY,4,House,Laura Gillen,Anthony D'Esposito,108633,122562,46.8,52.8,R,-6.0,D,No,Toss Up,Yes,232081,10.9
2022,2022-11-08,NY,17,House,Sean Patrick Maloney,Mike Lawler,132033,136185,49.4,50.9,R,-1.5,D,Yes,Toss Up,No,267653,8.0
2022,2022-11-08,NY,18,House,Pat Ryan,Colin Schmitt,138012,132428,50.9,48.8,D,2.1,D,Yes,Toss Up,No,271202,8.9
2022,2022-11-08,NY,19,House,Josh Riley,Marc Molinaro,130831,141556,47.9,51.8,R,-3.9,D,No,Toss Up,Yes,273201,8.9
2022,2022-11-08,NY,22,House,Francis Conole,Brandon Williams,128574,133866,48.8,50.8,R,-2.0,R,No,Toss Up,Yes,263440,-0.3
2022,2022-11-08,OH,1,House,Greg Landsman,Steve Chabot,141649,138207,50.6,49.4,D,1.2,R,Yes,Lean R,No,279856,-4.8
2022,2022-11-08,OH,9,House,Marcy Kaptur,JR Majewski,134655,117099,56.3,49.0,D,7.3,D,Yes,Toss Up,No,239245,27.1
2022,2022-11-08,OR,5,House,Jamie McLeod-Skinner,Lori Chavez-DeRemer,150127,160376,47.3,50.5,R,-3.2,D,No,Toss Up,Yes,317579,20.3
2022,2022-11-08,OR,6,House,Andrea Salinas,Mike Erickson,137497,130007,50.9,48.1,D,2.8,D,No,Lean D,Yes,270171,0.0
2022,2022-11-08,PA,1,House,Ashley Ehasz,Brian Fitzpatrick,166215,186823,47.1,52.9,R,-5.8,R,Yes,Lean R,No,352990,4.3
2022,2022-11-08,PA,7,House,Susan Wild,Lisa Scheller,162449,161282,50.2,49.8,D,0.4,D,Yes,Toss Up,No,323660,5.0
2022,2022-11-08,PA,8,House,Matt Cartwright,Jim Bognet,155508,148913,51.1,48.9,D,2.2,D,Yes,Toss Up,No,304421,1.2
2022,2022-11-08,PA,17,House,Chris Deluzio,Jeremy Shaffer,157916,136982,53.2,46.2,D,7.0,D,No,Lean D,Yes,296779,15.6
2022,2022-11-08,RI,2,House,Seth Magaziner,Allan Fung,122866,115631,49.7,46.8,D,2.9,D,No,Lean D,Yes,247235,17.9
2022,2022-11-08,TX,15,House,Michelle Vallejo,Monica De La Cruz,54833,71697,42.9,56.1,R,-13.2,R,No,Lean R,Yes,127761,2.8
2022,2022-11-08,TX,28,House,Henry Cuellar,Cassy Garcia,85992,63892,56.5,42.0,D,14.5,D,Yes,Safe D,No,152169,19.1
2022,2022-11-08,TX,34,House,Vicente Gonzalez,Mayra Flores,68741,55991,52.5,42.8,D,9.7,D,Yes,Toss Up,No,130902,-3.5
2022,2022-11-08,VA,2,House,Elaine Luria,Jen Kiggans,169584,176565,48.0,49.9,R,-1.9,D,Yes,Toss Up,No,354188,4.1
2022,2022-11-08,VA,7,House,Abigail Spanberger,Yesli Vega,197992,180920,52.4,47.9,D,4.5,D,Yes,Lean D,No,378102,2.5
2024,2024-11-05,AZ,1,House,Amish Shah,David Schweikert,206789,216483,48.4,50.7,R,-2.3,R,Yes,Lean R,No,427115,-4.0
2024,2024-11-05,AZ,6,House,Kirsten Engel,Juan Ciscomani,177923,192361,47.9,51.8,R,-3.9,R,Yes,Toss Up,No,371439,-2.4
2024,2024-11-05,CA,13,House,Adam Gray,John Duarte,87854,90217,49.3,50.6,R,-1.3,R,Yes,Toss Up,No,178285,-1.8
2024,2024-11-05,CA,22,House,Rudy Salas,David Valadao,82765,95843,46.3,53.6,R,-7.3,R,Yes,Lean R,No,178608,-5.7
2024,2024-11-05,CA,27,House,George Whitesides,Mike Garcia,149818,159332,48.4,51.5,R,-3.1,R,Yes,Lean R,No,309150,-7.7
2024,2024-11-05,CA,45,House,Derek Tran,Michelle Steel,141598,139765,50.3,49.7,D,0.6,R,Yes,Toss Up,No,281363,-7.1
2024,2024-11-05,CA,47,House,Dave Min,Scott Baugh,215768,200321,51.9,48.1,D,3.8,D,No,Lean D,Yes,416089,2.4
2024,2024-11-05,CO,3,House,Adam Frisch,Jeff Hurd,196831,206742,48.7,51.2,R,-2.5,R,No,Lean R,Yes,404004,-0.2
2024,2024-11-05,CO,8,House,Yadira Caraveo,Gabe Evans,135418,145234,48.2,51.7,R,-3.5,D,Yes,Toss Up,No,280652,1.5
2024,2024-11-05,IA,1,House,Christina Bohannan,Mariannette Miller-Meeks,182416,193627,48.5,51.5,R,-3.0,R,Yes,Toss Up,No,376043,-7.7
2024,2024-11-05,IA,3,House,Lanon Baccam,Zach Nunn,182301,195623,48.3,51.8,R,-3.5,R,Yes,Lean R,No,377924,-2.9
2024,2024-11-05,ME,2,House,Jared Golden,Austin Theriault,176621,161478,52.2,47.7,D,4.5,D,Yes,Lean D,No,338099,5.8
2024,2024-11-05,MI,7,House,Curtis Hertel,Tom Barrett,196715,208319,48.4,51.2,R,-2.8,D,No,Toss Up,Yes,406494,1.9
2024,2024-11-05,MI,8,House,Kristen McDonald Rivet,Paul Junge,202453,196382,50.7,49.2,D,1.5,D,No,Toss Up,Yes,399356,3.3
2024,2024-11-05,NC,1,House,Don Davis,Laurie Buckhout,179932,168471,51.5,48.2,D,3.3,D,Yes,Toss Up,No,349398,2.3
2024,2024-11-05,NE,2,House,Tony Vargas,Don Bacon,159618,175301,47.7,52.4,R,-4.7,R,Yes,Toss Up,No,334919,-4.4
2024,2024-11-05,NM,2,House,Gabe Vasquez,Yvette Herrell,124673,130182,48.9,51.1,R,-2.2,D,Yes,Toss Up,No,254855,1.3
2024,2024-11-05,NV,3,House,Susie Lee,Drew Johnson,137285,137001,50.0,49.9,D,0.1,D,Yes,Toss Up,No,274567,3.3
2024,2024-11-05,NV,4,House,Steven Horsford,David Flippo,132654,119841,52.5,47.4,D,5.1,D,Yes,Lean D,No,252802,3.5
2024,2024-11-05,NY,4,House,Laura Gillen,Anthony D'Esposito,152378,148792,50.6,49.4,D,1.2,R,Yes,Toss Up,No,301170,-6.0
2024,2024-11-05,NY,17,House,Mondaire Jones,Mike Lawler,165382,178569,48.1,51.9,R,-3.8,R,Yes,Toss Up,No,343951,-1.5
2024,2024-11-05,NY,18,House,Pat Ryan,Alison Esposito,176829,162887,52.0,47.9,D,4.1,D,Yes,Lean D,No,340077,2.1
2024,2024-11-05,NY,19,House,Josh Riley,Marc Molinaro,164458,165682,49.8,50.2,R,-0.4,R,Yes,Toss Up,No,330140,-3.9
2024,2024-11-05,NY,22,House,John Mannion,Brandon Williams,162339,159876,50.4,49.6,D,0.8,R,Yes,Toss Up,No,322215,-2.0
2024,2024-11-05,OH,9,House,Marcy Kaptur,Derek Merrin,160765,178294,47.4,52.6,R,-5.2,D,Yes,Lean D,No,339059,7.3
2024,2024-11-05,OR,5,House,Janelle Bynum,Lori Chavez-DeRemer,177289,187618,48.5,51.4,R,-2.9,R,Yes,Toss Up,No,365324,-3.2
2024,2024-11-05,PA,7,House,Susan Wild,Ryan Mackenzie,176815,189216,48.3,51.7,R,-3.4,D,Yes,Lean D,No,366031,0.4
2024,2024-11-05,PA,8,House,Matt Cartwright,Rob Bresnahan,168432,180165,48.3,51.7,R,-3.4,D,Yes,Toss Up,No,348597,2.2
2024,2024-11-05,PA,10,House,Janelle Stelson,Scott Perry,181723,195542,48.2,51.8,R,-3.6,R,Yes,Toss Up,No,377265,-7.6
2024,2024-11-05,PA,17,House,Chris Deluzio,Rob Mercuri,200389,185782,51.8,48.1,D,3.7,D,Yes,Lean D,No,386556,7.0
2024,2024-11-05,TX,28,House,Henry Cuellar,Jay Furman,99418,82136,54.7,45.2,D,9.5,D,Yes,Safe D,No,181554,14.5
2024,2024-11-05,TX,34,House,Vicente Gonzalez,Mayra Flores,91276,79148,53.5,46.4,D,7.1,D,Yes,Lean D,No,170424,9.7
2024,2024-11-05,VA,7,House,Eugene Vindman,Derrick Anderson,227418,210186,51.9,48.0,D,3.9,D,No,Toss Up,Yes,437975,4.5
2024,2024-11-05,WA,3,House,Marie Gluesenkamp Perez,Joe Kent,205178,197847,50.9,49.1,D,1.8,D,Yes,Toss Up,No,403025,0.8
